"#","Blog Title","SEO Title","Meta Description","URL Slug","Blog Content","Word Count","Internal Anchor 1","Internal Link 1","Internal Anchor 2","Internal Link 2","Internal Anchor 3","Internal Link 3","External Anchor","External Link"
"1","How Much Does a Fence Cost in Rochester, NY?","How Much Does a Fence Cost in Rochester, NY? | Xotix Fence","What affects fence cost in Rochester, NY? Learn how material, height, gates, terrain and removal change pricing before you request an estimate.","/blog/fence-cost-rochester-ny/","# How Much Does a Fence Cost in Rochester, NY?

""How much will it cost?"" is the first question nearly every homeowner asks. The honest answer is that it depends, and understanding what drives the price helps you compare estimates fairly and decide where to spend your budget. Rather than quoting numbers that go out of date, this guide explains the factors that shape fence pricing in the Rochester area.

## The Biggest Cost Factors
Length and height are the starting point. More linear feet means more posts, panels and labor, and taller fences use more material and need deeper, stronger posts. A six-foot privacy fence costs more than a four-foot picket fence of the same length.

Material is next. Chain link is typically the most economical, wood falls in the middle depending on species, and vinyl and aluminum usually cost more upfront. Vinyl and aluminum often make up for it with lower maintenance, so think about total cost over time, not just the first invoice. You can compare options on our wood fence and vinyl fence pages.

## Gates
Every gate adds hardware, framing and larger posts. A simple walk gate costs less than a wide drive gate, and automated gates cost more still. Plan how many gates you really need and where they should go.

## Terrain and Soil
Slopes, rocky soil, tree roots and poor drainage all add time and effort. Rochester's frost line means posts must be set deep, and difficult digging conditions increase labor. A flat, open yard is usually simpler to price than a sloped, tree-filled one.

## Removal of an Old Fence
If you are replacing a fence, tear-out and disposal are part of the project. Old concrete footings, rotted posts and debris take time to remove. Learn more about what this involves on our fence replacement page.

## Permits and Surveys
Some projects require permits, and a survey may be worthwhile if your property line is unclear. These costs are separate from the fence itself but can save expensive mistakes.

## Seasonal Timing
Demand is highest in spring and summer. Booking early or building in fall can sometimes offer more scheduling flexibility.

## How to Compare Estimates
When you receive estimates, compare more than the bottom line. Check that each includes the same height, material, post spacing, number of gates, removal and cleanup. A very low price may leave out something important or use shallower posts. The American Fence Association offers general consumer information that can help you ask good questions.

## Get a Price Based on Your Property
The most accurate way to learn your cost is to have someone measure your yard and discuss your goals. That is how we work: we review your property, explain the options and provide an estimate tailored to your project.


## Ready to Plan Your Fence?
Xotix Fence Installation Rochester helps homeowners and businesses across Monroe County plan and build fences that last. Contact us for an estimate and we will walk through your options.","501","wood fence","/wood-fence/","vinyl fence","/vinyl-fence/","fence replacement","/fence-replacement/","American Fence Association","https://www.americanfenceassociation.com/"
"2","Best Fence Types for Rochester, NY Winters","Best Fence Types for Rochester Winters | Xotix Fence","Which fence stands up best to Rochester winters? Compare wood, vinyl, aluminum and chain link for snow, ice and freeze-thaw conditions.","/blog/best-fence-types-rochester-winters/","# Best Fence Types for Rochester, NY Winters

Winters in Western New York are long and demanding. Snow loads, ice, wind off Lake Ontario and constant freeze and thaw cycles put stress on every fence. The good news is that most materials can perform well here when they are chosen and installed properly. The National Weather Service Buffalo office provides local climate information if you want to understand the conditions your fence will face.

## What Winter Does to a Fence
Frost heave is the main enemy. Water in the soil freezes, expands and can lift posts, then settles unevenly in spring. Snow can pile against panels, plows can push slush and salt against fence lines, and wind can stress tall solid panels. Moisture seeps into wood and metal and promotes rot or corrosion.

## Wood Fences
Wood is a good option when sealed and maintained. Cedar resists decay better than many species, and pressure-treated lumber is built to resist rot. Keep boards slightly above the ground, use corrosion-resistant fasteners and refresh the finish periodically. Read more about wood fence installation for details.

## Vinyl Fences
Vinyl does not rot, rust or need painting, which suits our wet climate. Quality products handle cold well, and proper installation allows for expansion and contraction. Heavy snow should be cleared from panels when possible. See our vinyl fence page for styles.

## Aluminum Fences
Aluminum resists rust and handles road salt well, making it a strong candidate for front yards and driveways. It lets wind and snow pass through, so it is less likely to catch drifts.

## Chain Link Fences
Chain link's open design sheds wind and snow, and galvanized or coated fabric resists corrosion. It is dependable for dog runs and large yards. Posts must be deep and well braced to stay tight.

## Installation Matters More Than Material
No material can overcome shallow posts. Set posts below the frost line, use plenty of concrete or compacted material, and think about drainage. Space posts correctly and brace gates. A well-installed fence of almost any type will outperform a poorly installed premium one.

## Winter Maintenance Tips
Avoid piling plowed snow against the fence. Rinse away salt residue in spring, inspect for leaning posts after the thaw and make small repairs quickly. If damage has already occurred, our fence repair service can help.


## Ready to Plan Your Fence?
Xotix Fence Installation Rochester helps homeowners and businesses across Monroe County plan and build fences that last. Contact us for an estimate and we will walk through your options.","426","wood fence installation","/wood-fence/","vinyl fence","/vinyl-fence/","fence repair","/fence-repair/","National Weather Service Buffalo","https://www.weather.gov/buf/"
"3","Vinyl vs. Wood Fence: Which Is Better for Rochester Homes?","Vinyl vs Wood Fence in Rochester NY | Xotix Fence","Vinyl or wood fence for your Rochester home? Compare appearance, upkeep, durability and cost to choose the right fence for your yard.","/blog/vinyl-vs-wood-fence-rochester/","# Vinyl vs. Wood Fence: Which Is Better for Rochester Homes?

Vinyl and wood are the two most popular privacy fence materials in the Rochester area. Both can be excellent, and the better choice depends on what you value. Here is a straightforward comparison to help you decide.

## Appearance
Wood has a natural warmth and can be stained or painted to match your home. It can be built in many custom designs and heights. Vinyl offers a clean, uniform look, usually in white, tan or gray, with consistent color from board to board. If you love natural grain and flexibility, wood is hard to beat. If you prefer a crisp modern finish, vinyl delivers.

## Maintenance
This is the biggest difference. Wood needs periodic sealing, staining or painting to resist moisture and sun, and it may need board replacement over time. Vinyl generally needs only occasional washing. If you do not enjoy yearly maintenance, vinyl is attractive. If you do not mind the work, wood can look beautiful for many years. The U.S. Forest Products Laboratory shares research on wood durability that explains why finish and care matter.

## Durability in Rochester Weather
Both materials handle our winters when installed with proper post depth. Wood can rot where it touches wet soil if poorly detailed, while vinyl can be affected by impact in extreme cold. Vinyl resists moisture, insects and rot. Neither material is a substitute for good installation.

## Cost
Wood often costs less at the start, particularly pressure-treated lumber. Vinyl typically costs more initially but may cost less to maintain. Consider how long you will stay in your home and whether upkeep costs matter to you. Our privacy fence page explains how height and design affect price.

## Customization
Wood is easy to cut and modify, so unusual heights, shapes and details are straightforward. Vinyl comes in manufactured sizes and styles, so choices are more limited, though there are many attractive options.

## Repairs
A damaged wood board can usually be replaced individually. Vinyl sections can often be swapped too, but matching color from older fences can be tricky as products change. Our fence repair team can advise on either type.

## Which Should You Choose?
Choose wood if you want a traditional look, customization and lower initial cost. Choose vinyl if you want low maintenance and a clean finish. Many homeowners are happy with either when the fence is built well. Learn more on our vinyl fence installation and wood fence pages, or contact us to compare samples.


## Ready to Plan Your Fence?
Xotix Fence Installation Rochester helps homeowners and businesses across Monroe County plan and build fences that last. Contact us for an estimate and we will walk through your options.","457","privacy fence","/privacy-fence/","fence repair","/fence-repair/","vinyl fence installation","/vinyl-fence/","U.S. Forest Products Laboratory","https://www.fpl.fs.usda.gov/"
"4","How Deep Should Fence Posts Be in Rochester, NY?","How Deep Should Fence Posts Be in Rochester NY?","Fence post depth in Rochester, NY depends on frost line and fence height. Learn why deeper posts prevent leaning and heaving.","/blog/how-deep-fence-posts-rochester/","# How Deep Should Fence Posts Be in Rochester, NY?

If you have ever seen a fence leaning after winter, you have seen what happens when posts are too shallow. Post depth is one of the most important details in fence installation, and it matters even more in a climate like ours.

## The Frost Line
The frost line is the depth to which soil freezes in winter. When water in the soil freezes, it expands and can lift anything anchored in the frozen layer. Posts set above the frost line can heave upward and shift out of alignment. In the Rochester area, the frost depth is commonly cited at around 42 inches, but you should confirm the current requirement with your local code office, since rules differ by municipality.

## A General Rule of Thumb
Many installers follow a rule that about one-third of a post's total length should be in the ground, and the post should also extend below the frost line where required. For a six-foot privacy fence, that often means a post long enough to be set deep and still stand tall above grade. Taller fences, solid panels and gate posts need extra depth because they handle more wind and weight.

## Why Gate Posts Need More
Gates swing and carry weight on one side. A shallow gate post will lean over time, causing the gate to drag and fail to latch. Larger, deeper footings and strong materials help keep gates square. You can see more on our fence gates page.

## Soil and Drainage
Clay soils hold water and are more affected by frost movement. Sandy soils drain better. Low spots can stay wet and speed rot. Good installers consider how water moves, sometimes using gravel at the base of the hole for drainage and compacting material carefully. Concrete or compacted fill helps lock the post in place.

## Call Before You Dig
Before digging anywhere, request utility marking by contacting Call 811. Hitting a buried line is dangerous and expensive. Mark requests are free and required before excavation.

## Material Differences
Different fence types have different post requirements. Wood posts need rot protection. Vinyl posts often use sleeves over wood or metal, and our vinyl fence page explains system differences. Chain link terminal posts carry high tension and need solid footings, so check the chain link fence information as well.

## Signs Your Posts Are Too Shallow
Leaning, rocking, gaps beneath panels, sagging gates and posts that rise after winter all suggest a problem. If you see these, fixing the footings may be worthwhile before the fence deteriorates further.


## Ready to Plan Your Fence?
Xotix Fence Installation Rochester helps homeowners and businesses across Monroe County plan and build fences that last. Contact us for an estimate and we will walk through your options.","470","fence gates","/fence-gates/","vinyl fence","/vinyl-fence/","chain link fence","/chain-link-fence/","Call 811","https://www.call811.com/"
"5","Do I Need a Permit for a Fence in Rochester, NY?","Do I Need a Fence Permit in Rochester NY?","Do you need a permit to build a fence in Rochester, NY? Learn what local rules usually cover and how to check before you build.","/blog/fence-permit-rochester-ny/","# Do I Need a Permit for a Fence in Rochester, NY?

Before you order materials, it is smart to find out whether your project needs a permit. Rules vary by municipality, and getting it wrong can mean delays, fines or tearing down a finished fence.

## Why Rules Differ
The Rochester area includes a city, many towns and several villages, each with its own code. The City of Rochester website is a starting point for city properties, while suburban homeowners should check with their own town or village. Rules can also be affected by homeowners associations and neighborhood covenants.

## What Local Codes Often Cover
Common topics include maximum fence height, front-yard restrictions, setbacks from property lines, corner-lot visibility rules, required finished sides, materials that are not allowed, pool barrier standards and fence placement near easements. Some places require permits for any fence, while others require them only above certain heights or for pools.

## Pool Fences
Pools usually have separate safety requirements, such as minimum barrier height and self-closing, self-latching gates. Details are covered in our pool fence guide.

## Know Your Property Line
Permit applications often need a survey or site sketch. Even without a permit, you need to know where your property ends. Building on a neighbor's land can lead to disputes. A survey is the most reliable way to confirm boundaries.

## Utilities and Easements
Easements may limit where you can build, and underground lines must be marked before digging. Check your survey for easements and request marking from 811 prior to excavation.

## HOA Approval
If you live in a subdivision, you may need approval from your association even when the town does not require a permit. Submit plans early because approvals can take time. Some associations restrict materials such as chain link, so check before choosing a style.

## How We Help
We can explain which items typically matter for your project and help prepare the information needed, but the code office makes the final decision. Our fence installation team can also adjust designs to comply with height and placement limits, which matters most for a tall privacy fence along a property line.

## Steps to Check
Call or visit your local code office, ask about fence permits and height limits, confirm pool requirements if relevant, review HOA rules, locate your property line and then choose your design. Doing this first saves time and money.


## Ready to Plan Your Fence?
Xotix Fence Installation Rochester helps homeowners and businesses across Monroe County plan and build fences that last. Contact us for an estimate and we will walk through your options.","437","pool fence","/pool-fence/","fence installation","/fence-installation/","privacy fence","/privacy-fence/","City of Rochester","https://www.cityofrochester.gov/"
"6","How Long Does Fence Installation Take?","How Long Does Fence Installation Take? | Xotix Fence","How long does fence installation take in Rochester, NY? See the steps, typical timelines, and what can cause delays or speed things up.","/blog/how-long-does-fence-installation-take/","# How Long Does Fence Installation Take?

Homeowners often want to know when their fence will be finished. The actual building can be quick, but the full timeline includes planning, approvals and materials. Here is what to expect.

## Step 1: Estimate and Planning
It starts with a site visit and estimate. This usually happens within days or weeks of your first call, depending on the season. During planning you choose material, height, style and gate locations.

## Step 2: Permits, Approvals and Utility Marking
If your project needs a permit or HOA approval, that can add days or weeks, so apply early. Utility marking must be requested through Call 811 before digging. Marking typically takes a few working days, and installation cannot begin until it is complete.

## Step 3: Ordering Materials
Stock styles may be available quickly, while custom or special-order materials can take longer. Vinyl colors, aluminum finishes and custom gates are more likely to need lead time. Ask about availability when you accept the estimate.

## Step 4: Installation
Once everything is ready, the build itself is often fast. Many residential backyard fences can be completed in a few days, though longer runs, sloped ground, difficult soil, multiple gates and old fence removal add time. Large commercial jobs naturally take longer and may be completed in phases. Our fence installation page describes the process in detail.

## What Can Cause Delays
Weather is the main wildcard in Rochester. Heavy rain, snow or frozen ground can stop digging. Hidden obstacles such as roots, rocks or old footings slow progress, as do changes to the design mid-project. Permit review, HOA decisions and material shortages can also push back the start date.

## Seasonal Timing
Spring and early summer are the busiest times, so waiting lists can grow. Fall is often a good season because the ground is workable and demand drops. Winter installation may be possible depending on frost depth and conditions, but schedules are less predictable.

## How to Keep Things on Track
Know your property lines, finalize design choices early, submit permit or HOA paperwork promptly and clear the fence line of obstacles. Our guide to preparing your yard offers a checklist. Material choice can also affect timing; wood fence installation and chain link are often quicker to schedule than custom products.

## A Realistic Expectation
Plan on a few weeks from the first call to the finished fence, with the construction itself being a small part of that. Timelines vary, and we will give you an honest schedule at your estimate. The American Fence Association has general homeowner resources if you want to learn more about the typical process.


## Ready to Plan Your Fence?
Xotix Fence Installation Rochester helps homeowners and businesses across Monroe County plan and build fences that last. Contact us for an estimate and we will walk through your options.","479","fence installation","/fence-installation/","preparing your yard","/blog/prepare-yard-for-fence-installation/","wood fence installation","/wood-fence/","American Fence Association","https://www.americanfenceassociation.com/"
"7","How Much Does a 6-Foot Privacy Fence Cost?","6-Foot Privacy Fence Cost in Rochester NY | Xotix Fence","What determines the cost of a 6-foot privacy fence in Rochester, NY? Compare wood and vinyl and learn what to include in an estimate.","/blog/6-foot-privacy-fence-cost/","# How Much Does a 6-Foot Privacy Fence Cost?

A six-foot privacy fence is the most requested backyard fence in the Rochester area. Because pricing depends on your property, this article explains what drives the cost so you can budget realistically and compare estimates.

## Why Six Feet?
Six feet is tall enough to block most views and cut noise, which is why it is the standard height for backyard privacy. Local codes often limit front-yard fences to lower heights, so six-foot sections are typically used along side and rear lines. Confirm your municipality's rules first.

## Material Choice
Wood privacy fences are often the lower-cost starting point, with pressure-treated lumber usually costing less than cedar. Vinyl privacy fences generally cost more upfront but require much less maintenance over time. You can read about each on our wood fence and vinyl fence pages.

## Linear Footage
The total length of fence is the main multiplier. A small townhouse yard needs far less fence than a large suburban lot. Corners, angles and turns add posts and labor. Measuring your fence line accurately is the first step in estimating.

## Post Depth and Structure
Six-foot solid fences face more wind load than shorter ones, so strong, deep posts are essential. Installing to proper depth below the frost line takes more time and concrete, but it is the best protection against leaning. A low price that skips these details can cost more later.

## Gates
Each gate adds hardware and framing. Most privacy fences need at least one walk gate, and some need a wide gate for equipment. Decide how many you need before requesting quotes.

## Site Conditions
Sloped yards, rocky ground, tree roots, poor drainage and tight access all raise labor. Removal of an existing fence adds more, so ask whether tear-out and disposal are included in the quote.

## Style Upgrades
Cap rails, lattice tops, decorative post caps, board-on-board construction, stain and special colors can all change the price. Choose features that matter to you, and skip those that do not.

## Comparing Estimates
Ask each contractor to specify material type, height, post size and depth, spacing, number of gates, removal, cleanup and timeline. Also confirm how permits and utility marking are handled. The American Fence Association publishes consumer tips that can help you evaluate proposals.

## Get a Quote for Your Yard
The best way to learn your price is to have your yard measured. Visit our privacy fence page or contact Xotix Fence for an estimate based on your property and goals.


## Ready to Plan Your Fence?
Xotix Fence Installation Rochester helps homeowners and businesses across Monroe County plan and build fences that last. Contact us for an estimate and we will walk through your options.","459","wood fence","/wood-fence/","vinyl fence","/vinyl-fence/","privacy fence","/privacy-fence/","American Fence Association","https://www.americanfenceassociation.com/"
"8","Chain Link vs. Vinyl Fence: Which Should You Choose?","Chain Link vs Vinyl Fence | Xotix Fence Rochester","Chain link or vinyl fence for your Rochester property? Compare cost, privacy, durability and maintenance to choose confidently.","/blog/chain-link-vs-vinyl-fence/","# Chain Link vs. Vinyl Fence: Which Should You Choose?

Chain link and vinyl are very different fences, and each has its place. One is an economical, open barrier, and the other is a solid, low-maintenance privacy option. Here is how they compare.

## Purpose
Start with what you need the fence to do. Chain link keeps pets and children contained, marks boundaries and secures commercial areas while leaving views open. Vinyl, particularly in privacy styles, blocks sightlines and noise. If seclusion is the goal, vinyl is the natural fit, though privacy slats can be added to chain link.

## Cost
Chain link is generally the most budget-friendly fence per linear foot, which is why it is so common for large yards and commercial sites. Vinyl usually costs more upfront because the panels, posts and hardware are more substantial. Looking at lifetime cost, vinyl's low maintenance can offset some of the difference.

## Appearance
Vinyl provides a clean, finished look that many homeowners prefer for front or visible areas. Chain link has a utilitarian look, though black or green vinyl-coated fabric blends into landscaping better than bare galvanized wire. The Chain Link Fence Manufacturers Institute offers useful information on coatings and styles.

## Durability and Maintenance
Both handle Rochester weather when properly installed. Galvanized chain link resists rust for many years, and coatings add protection. Vinyl resists rot and does not need painting, but it can be damaged by heavy impact. Neither needs much upkeep: occasional washing for vinyl and checking for rust or loose fabric for chain link.

## Privacy and Security
Vinyl privacy fences block views entirely, but they also block visibility into your yard, which can matter for security. Chain link offers less privacy but allows visibility. Taller chain link with security features suits commercial yards. For commercial use, see our commercial fencing page.

## Wind and Snow
Open chain link lets wind and snow pass through, putting less stress on posts. Solid vinyl panels catch more wind, so deep posts matter. Both need correct depth below the frost line.

## Neighborhood Rules
Some HOAs and municipalities restrict chain link, especially in front yards, while vinyl is commonly accepted. Check rules before deciding.

## Best Uses
Choose chain link for dog runs, large lots, sports areas, budget projects and commercial sites. Choose vinyl for backyard privacy, pool areas, and visible boundaries where appearance counts. See details on our chain link fence and vinyl fence installation pages.


## Ready to Plan Your Fence?
Xotix Fence Installation Rochester helps homeowners and businesses across Monroe County plan and build fences that last. Contact us for an estimate and we will walk through your options.","444","commercial fencing","/commercial-fencing/","chain link fence","/chain-link-fence/","vinyl fence installation","/vinyl-fence/","Chain Link Fence Manufacturers Institute","https://www.chainlinkinfo.org/"
"9","Best Fence for Dogs in Rochester, NY","Best Fence for Dogs in Rochester NY | Xotix Fence","Choosing the best fence for dogs in Rochester, NY? Compare height, materials and gate tips to keep your pet safe and secure.","/blog/best-fence-for-dogs-rochester/","# Best Fence for Dogs in Rochester, NY

A fenced yard gives your dog freedom to run and play while keeping them safe. The best fence depends on your dog's size, energy and habits, along with your budget and the look you want. The ASPCA offers general pet safety information, and the guidance below focuses on fence choices.

## Know Your Dog
A small, calm dog is easy to contain. A large athletic jumper, a determined digger or a dog that likes to watch the street needs a different approach. Think about whether your dog climbs, digs, jumps or barks at passersby.

## Height
Four feet may be enough for small dogs, while medium and large dogs often need five or six feet. Jumpers may need more height or design features that discourage climbing. Local codes limit fence height, so check before choosing.

## Chain Link
Chain link is a favorite for dogs because it is strong and affordable. It works well for large yards and dog runs, and coated fabric looks tidy. Dogs can see out, which may increase barking at passersby. Privacy slats can reduce that. Learn more on our chain link fence page.

## Privacy Fences
Solid wood or vinyl fences prevent dogs from seeing distractions, which can calm reactive dogs. Without gaps, there is less chance of escaping between pickets. The bottom of the fence should be close to the ground, and you may want to bury an extra barrier if your dog digs. See our privacy fence page for design details.

## Aluminum and Ornamental
Aluminum fences look nice, but picket spacing matters. Small dogs may squeeze through wide gaps, so ask for narrower spacing. Aluminum is better for owners who want open views and secure boundaries for larger dogs.

## Preventing Escapes
Dogs find weak spots. Check for gaps at gates, uneven ground under panels and loose boards. Latches should be secure, and fence gates should close completely. Self-closing hinges and dog-proof latches help. Keep furniture and bins away from the fence, because dogs can use them to climb.

## Digging Solutions
For diggers, consider burying wire mesh along the base, installing a concrete curb or setting rocks or pavers along the fence line. Posts should be solid and the bottom rails low.

## Winter Considerations
Snow can pile against the fence and give dogs a ramp to jump over. Clear drifts near the fence when possible. Check the fence after storms for damage.

## Choosing With Confidence
We install a range of dog-friendly fences across Monroe County and can help you select the right height, gate and material. Contact Xotix Fence and tell us about your dog.


## Ready to Plan Your Fence?
Xotix Fence Installation Rochester helps homeowners and businesses across Monroe County plan and build fences that last. Contact us for an estimate and we will walk through your options.","479","chain link fence","/chain-link-fence/","privacy fence","/privacy-fence/","fence gates","/fence-gates/","ASPCA","https://www.aspca.org/"
"10","How to Prepare Your Yard for Fence Installation","How to Prepare Your Yard for Fence Installation","Get ready for fence installation in Rochester, NY. Use this checklist to mark property lines, clear the fence line and avoid delays.","/blog/prepare-yard-for-fence-installation/","# How to Prepare Your Yard for Fence Installation

A little preparation before the crew arrives can make your fence project smoother, faster and less stressful. Use this checklist to get your yard ready.

## Confirm Your Property Lines
Know exactly where your property ends. A recent survey is ideal, and if you do not have one, look for survey pins or ask a licensed surveyor. Do not assume an old fence is on the line. Building on the wrong side can lead to disputes and costly removal.

## Check Permits and Rules
Find out whether your town, village or city requires a permit, and whether your HOA needs to approve the design. Review height limits and setback rules. Our fence permit guide explains what to ask.

## Talk to Your Neighbors
It is courteous to let neighbors know about the project. They may have questions about where the fence will go, which side will face out and when work will happen. If a boundary fence is shared, discuss expectations in advance.

## Arrange Utility Marking
Before digging, utility lines must be marked. You can request marking by contacting Call 811. Do this early because it takes a few working days. Also tell us about private lines that may not be marked, such as sprinkler lines, invisible pet fences, low-voltage lighting and drainage pipes.

## Clear the Fence Line
Remove obstacles along the planned route. Trim shrubs and low branches, move planters, firewood, play equipment and furniture, and clear brush. If a tree stump or large rock is in the way, let your installer know in advance so it can be addressed.

## Plan Access
Crews need a path to bring in materials and equipment. Make sure gates are unlocked and any vehicles are moved. If access is narrow, tell us during the estimate so we can plan accordingly.

## Secure Pets and Children
Digging holes and open gates are hazards. Keep pets indoors or in a safe area during installation and keep children away from the work zone.

## Decide on Details
Make final choices on height, style, color, gate locations and hardware before work starts. Changes mid-project can cause delays and added costs. Review our fence installation page if you need a refresher on options.

## Consider the Old Fence
If you are replacing a fence, decide whether to remove it yourself or have it included. Mention shared fences with neighbors so no one is surprised.

## Protect Your Landscaping
Mark plants you want to protect and discuss how we can limit damage to your lawn. Some disturbance is unavoidable but can be minimized with planning.

## On Installation Day
Be available for questions, especially about gate placement, and do a final walk-through when work is done. Our fence replacement and new installation teams will review the finished fence with you.


## Ready to Plan Your Fence?
Xotix Fence Installation Rochester helps homeowners and businesses across Monroe County plan and build fences that last. Contact us for an estimate and we will walk through your options.","508","fence permit guide","/blog/fence-permit-rochester-ny/","fence installation","/fence-installation/","fence replacement","/fence-replacement/","Call 811","https://www.call811.com/"